<?xml version="1.0" encoding="UTF-8"?>
<!DOCTYPE hibernate-configuration PUBLIC
"-//Hibernate/Hibernate Configuration DTD//EN"
"http://hibernate.sourceforge.net/hibernate-configuration-3.0.dtd">

<hibernate-configuration>
<session-factory>
      <property name="hibernate.connection.driver_class">com.mysql.jdbc.Driver</property>
      <property name="hibernate.connection.url">jdbc:mysql://localhost:3306/eventdb</property>
      <property name="hibernate.connection.username">root</property>
      <property name="hibernate.connection.password">root</property>
      <property name="hibernate.connection.pool_size">10</property>
      <property name="show_sql">true</property>
      <property name="dialect">org.hibernate.dialect.MySQLDialect</property>
      <property name="hibernate.hbm2ddl.auto">update</property>
      <!-- Mapping files -->
    <!--  <mapping resource="com/ajay/resources/room.hbm.xml"/>  -->
     <mapping class="org.ajay.com.entities.Customer"/>
      <mapping class="org.ajay.com.entities.Address"/>
       <mapping class="org.ajay.com.entities.Book"/>
        <mapping class="org.ajay.com.entities.Author"/>
        <mapping class="org.ajay.com.entities.Player"/>
         <mapping class="org.ajay.com.entities.Team"/>
         <mapping class="org.ajay.com.entities.Trainee"/>
         <mapping class="org.ajay.com.entities.Cources"/>
    
</session-factory>
</hibernate-configuration>